{"filesMd5":[{"page":"/pages/btscan/about/about.js","md5":"750662a1c647042f739540bf7d3afc74"},{"page":"/pages/btscan/detail-list/detail-list.js","md5":"cd110bea0d97745fa6d1944f1ba236cc"},{"page":"/pages/btscan/devices-check/devices-check.js","md5":"4e68589176a662f26a94431de5078b40"},{"page":"/config/index.js","md5":"21e4a65a77071fa1cb8b505e219723c4"},{"page":"/mediator/index.js","md5":"97ce8728138991c729ceb783ea01296f"},{"page":"/pages/btscan/devices-management/devices-management.js","md5":"097369f41b27b00cd25de83fbdeb021e"},{"page":"/pages/btscan/devices-search/devices-search.js","md5":"0867a8df9473652a62b55a5f5e1ebace"},{"page":"/pages/btscan/home/home.js","md5":"50b1fc1de3beededb5c17c732c494307"},{"page":"/pages/btscan/history-records/history-records.js","md5":"e58fc46b1383c12c104c01d111b2cf93"},{"page":"/pages/btscan/index/test.js","md5":"fb3516b9bb7800503c63ce40895d7605"},{"page":"/pages/demo/assets/index.js","md5":"58d3b0a63fbec509f902c580bb32e22d"},{"page":"/pages/demo/bmcalendar/index.js","md5":"f0b7f36bb37674183c0b119ec60c59b4"},{"page":"/pages/demo/bmchart/index.js","md5":"24b7ecd5668037de09a37aef2b04a180"},{"page":"/pages/btscan/index/index.js","md5":"fac86b13840cc7b3e6c178585f32f763"},{"page":"/pages/demo/coms/index.js","md5":"da7c5dae2a936c1902d3bcca429c88b3"},{"page":"/pages/btscan/history-results/history-results.js","md5":"d04b51865f90bade5162f824f5141550"},{"page":"/pages/demo/bmrichtext/index.js","md5":"c5668433176926533e310305705e08c6"},{"page":"/pages/btscan/manage-devices/manage-devices.js","md5":"f61d7ee3b28313499770261ea1a6be21"},{"page":"/pages/demo/event/a.js","md5":"efe276a43f07c4d7c9336013f320305f"},{"page":"/pages/demo/event/b.js","md5":"656684d70b38624c59f8192b796ec47c"},{"page":"/pages/demo/font/index.js","md5":"befe74d6150bc2197155c8913dfa9a93"},{"page":"/pages/demo/image/index.js","md5":"5fdff10042d6e4fd9ecef481ccbe0e9a"},{"page":"/pages/demo/lifecycle/index.js","md5":"7596cf733baa7840c0467948af0d0239"},{"page":"/pages/demo/inputExtend/index.js","md5":"706ebd4fa8d9274200b923165ecab148"},{"page":"/pages/demo/index.js","md5":"7a033550b842d5273bb398bd751887ac"},{"page":"/pages/demo/globalAttr/index.js","md5":"76585dab44d7045cee07b0544b4e3cc1"},{"page":"/pages/demo/notice/index.js","md5":"708216ca609da4c274265c0aa1256c56"},{"page":"/pages/demo/navigator/index.js","md5":"4adcb977162881e83c7eddc1c9007196"},{"page":"/pages/demo/other/waterfall.js","md5":"7dfc8180d41ecd7af86108cf74e8e7e6"},{"page":"/pages/demo/other/weex-ui/tab-page/index.js","md5":"663e06737a5c48b4d63bec6351e71af8"},{"page":"/pages/demo/router/home.js","md5":"4f97b0458f085958074ababec356966f"},{"page":"/pages/demo/refresh/index.js","md5":"3bd2ca65cb3b6a4c330339f7e725a4b2"},{"page":"/pages/demo/storage/index.js","md5":"b141b7d48973b82b84a95894865c9fb8"},{"page":"/pages/demo/router/index.js","md5":"a4adc882239611fda4615151b9f348a9"},{"page":"/pages/demo/tools/index.js","md5":"e78e7c5630f1549c58ca2da03a110db1"},{"page":"/iconfont/font_1469606063_76593.ttf","md5":"f6222bcfedff4a817bb50df7a049d1db"},{"page":"/iconfont/font_1469606522_9417143.woff","md5":"6cf5490fd14ff83350ff952bb5b8e484"},{"page":"/iconfont/font_zn5b3jswpofuhaor.ttf","md5":"c0356b22e8235d2b0be8880cc81894cc"},{"page":"/iconfont/iconfont-eros.ttf","md5":"68780fad0047dc5b02cb613ebb08cda1"},{"page":"/iconfont/iconfont.ttf","md5":"db5e4ca4d090c78bb623771a23287716"},{"page":"/assets/app.png","md5":"ef253e12368a9be4c1632b69cac76836"},{"page":"/assets/demo.jpg","md5":"332c4e7d5398207c1b49750369a72848"},{"page":"/assets/iconfont.ttf","md5":"db5e4ca4d090c78bb623771a23287716"}],"android":"1.0.0","iOS":"1.0.0","appName":"btscan","jsVersion":"d1043dfb2e7deb95e71d14a25f32c91a","timestamp":1517889300299,"jsPath":"https://app.weex-eros.com/source"}
