{"filesMd5":[{"page":"/mediator/index.js","md5":"da35a23ee4be503f20dcec7596a555ef"},{"page":"/config/index.js","md5":"fe269a2338bea84154f9b5c4bea6f68d"},{"page":"/pages/btscan/about/about.js","md5":"1def6d1fd6a9b67d7acf11cf6cc550d6"},{"page":"/pages/btscan/detail-list/detail-list.js","md5":"d2b4186dbbe7768f584b000dc265480e"},{"page":"/pages/btscan/devices-check/devices-check.js","md5":"a53336896bffbb9cd56c0020a22febce"},{"page":"/pages/btscan/devices-search/devices-search.js","md5":"1cb7675f753f7af54f054ef855af1687"},{"page":"/pages/btscan/devices-check/innerPage/tasks-management.js","md5":"2bb91e072d0b4101f26d4e60b34df98f"},{"page":"/pages/btscan/history-records/innerPage/detail-list.js","md5":"2d9e32afb76e0760e4fc66ebaae9ce54"},{"page":"/pages/btscan/home/home.js","md5":"a13643aff5eb5b5af58d858a3ea034b7"},{"page":"/pages/btscan/index/index.js","md5":"3f4c097d60066bee0134abf2e7de7c01"},{"page":"/pages/btscan/devices-management/devices-management.js","md5":"249496f02cde693fb9b85f1904eda84d"},{"page":"/pages/btscan/index/test.js","md5":"98c81cbec4f28452a910997188cc579f"},{"page":"/pages/demo/assets/index.js","md5":"2787a973f5e2c65c1b0ed904494a3e6b"},{"page":"/pages/demo/bmcalendar/index.js","md5":"16bd42d68d5c358306805d9402014e85"},{"page":"/pages/demo/bmchart/index.js","md5":"2c87a5eb6dd5333ba5b24d2338692e41"},{"page":"/pages/btscan/history-records/history-records.js","md5":"fe16725e6f14af33387540efe8a16224"},{"page":"/pages/demo/bmrichtext/index.js","md5":"e68e0f79c346053c62f811fc6941c899"},{"page":"/pages/demo/event/a.js","md5":"ef4b11b094740db8d1bb3730650bb00f"},{"page":"/pages/demo/coms/index.js","md5":"b9eb6edc925f1702f25acccb86f1d568"},{"page":"/pages/btscan/history-results/history-results.js","md5":"d7e4053970823f531e508db84b5e9512"},{"page":"/pages/demo/font/index.js","md5":"5a879d0319c84e4f8dd86f808a82e4ce"},{"page":"/pages/demo/globalAttr/index.js","md5":"45484001880aefe954bd64c337323be5"},{"page":"/pages/demo/image/index.js","md5":"53c227030e33c7273061cfc520a430b4"},{"page":"/pages/demo/index.js","md5":"2f5f54d92716ddb33ec64213b04e6ee4"},{"page":"/pages/demo/inputExtend/index.js","md5":"33dcb3f3e017b40b06223f56481fb8e5"},{"page":"/pages/demo/lifecycle/index.js","md5":"e0e07beace9063b74b79cdbfcffc52ca"},{"page":"/pages/demo/event/b.js","md5":"6049551e5a32dbcaf55adcd5b1145ec1"},{"page":"/pages/demo/navigator/index.js","md5":"75f58eba6ffefdc3e20214caba5e84ea"},{"page":"/pages/demo/notice/index.js","md5":"208d551998162d8d16f881f9308c12b4"},{"page":"/pages/demo/other/waterfall.js","md5":"77463143ee46c1d4000eb39f1a2a1575"},{"page":"/pages/demo/refresh/index.js","md5":"3444613dc7beab156444b2b61c42a055"},{"page":"/pages/demo/other/weex-ui/tab-page/index.js","md5":"7a432575a253211e046d2d1b9c21168a"},{"page":"/pages/demo/router/index.js","md5":"375b13c1f1f9ed62dd420e23203216f5"},{"page":"/pages/demo/storage/index.js","md5":"80763bd0ba8466b135e051ebe4eaf9fb"},{"page":"/pages/demo/tools/index.js","md5":"dae7e6e7e5563d3d536464cf6e25124e"},{"page":"/pages/demo/router/home.js","md5":"a36441e3791d1afdf815d96a9b360ce7"},{"page":"/pages/btscan/manage-devices/manage-devices.js","md5":"537077cb9ddfeaba80074a8dfad14add"},{"page":"/iconfont/font_1469606063_76593.ttf","md5":"f6222bcfedff4a817bb50df7a049d1db"},{"page":"/iconfont/font_1469606522_9417143.woff","md5":"6cf5490fd14ff83350ff952bb5b8e484"},{"page":"/iconfont/font_zn5b3jswpofuhaor.ttf","md5":"c0356b22e8235d2b0be8880cc81894cc"},{"page":"/iconfont/iconfont-eros.ttf","md5":"68780fad0047dc5b02cb613ebb08cda1"},{"page":"/iconfont/iconfont.ttf","md5":"db5e4ca4d090c78bb623771a23287716"},{"page":"/assets/app.png","md5":"ef253e12368a9be4c1632b69cac76836"},{"page":"/assets/demo.jpg","md5":"332c4e7d5398207c1b49750369a72848"},{"page":"/assets/iconfont.ttf","md5":"db5e4ca4d090c78bb623771a23287716"}],"android":"1.0.0","iOS":"1.0.0","appName":"btscan","jsVersion":"a47d1c2b5e9e066a34c779a9fc834e51","timestamp":1518096301223,"jsPath":"https://app.weex-eros.com/source"}
