{"filesMd5":[{"page":"/mediator/index.js","md5":"d64e25fc8d2cbae011b7bb189ee36e8b"},{"page":"/pages/btscan/devices-check/devices-check.js","md5":"5e4f1fcff904f2edfe77c144f53b1762"},{"page":"/config/index.js","md5":"2fa260168064d55e10c1a03585414415"},{"page":"/pages/btscan/about/about.js","md5":"87b4f245aa97291cef737073dbfa30e0"},{"page":"/pages/btscan/detail-list/detail-list.js","md5":"6baa53349c0534b345d5ffedd29ea3d7"},{"page":"/pages/btscan/devices-check/innerPage/tasks-management.js","md5":"0a33311034ef91341bbed0dd4429ffc7"},{"page":"/pages/btscan/history-records/history-records.js","md5":"2d8b8a5383332c9d6cfe84d75c8d9cea"},{"page":"/pages/btscan/devices-search/devices-search.js","md5":"cb619df2a707b4224695d5e512ed5b9b"},{"page":"/pages/btscan/home/home.js","md5":"3399c6c6c3440ae5872e143c9db7317a"},{"page":"/pages/btscan/devices-management/devices-management.js","md5":"ee06489bb010d14570003cb908b60347"},{"page":"/pages/btscan/index/test.js","md5":"d97b354c44f2797a050309bba3dad924"},{"page":"/pages/btscan/index/index.js","md5":"2864c7f048a14106d97a15d60afc306e"},{"page":"/pages/btscan/history-results/history-results.js","md5":"2351f12fa8cf6c4d2f5f414a092c9223"},{"page":"/pages/demo/bmcalendar/index.js","md5":"78b1fcbd36db549f4c7200b618ff2397"},{"page":"/pages/demo/assets/index.js","md5":"f5de12e3dd138c4f910088ea11cb28ed"},{"page":"/pages/demo/bmchart/index.js","md5":"dcfdd76e2bb7c383ee250ffaa4eeab9c"},{"page":"/pages/demo/coms/index.js","md5":"4b65485a130e40c429cb825146b35117"},{"page":"/pages/demo/bmrichtext/index.js","md5":"ba24247aa92a29f1b2a3deff328ece6a"},{"page":"/pages/demo/event/b.js","md5":"4db444ee0538c1e1803dbd36edff5257"},{"page":"/pages/demo/event/a.js","md5":"89dfc7f6d526734e2ccdf13d6f4fc96d"},{"page":"/pages/demo/font/index.js","md5":"ae0a2826a95d3b321edacfbbd87a0be0"},{"page":"/pages/btscan/manage-devices/manage-devices.js","md5":"3606fe81ec876612267cf5b648104199"},{"page":"/pages/demo/globalAttr/index.js","md5":"0f4a9516751b6f9161d2ed0687ecf071"},{"page":"/pages/demo/image/index.js","md5":"e4de3825bfe94d2512547a75381ea0a0"},{"page":"/pages/demo/inputExtend/index.js","md5":"8e625902802621e2f91eabcbcb22f9e1"},{"page":"/pages/demo/lifecycle/index.js","md5":"5b026618c08135b93e809c3fd8619999"},{"page":"/pages/demo/index.js","md5":"79e6c65bfc00a126c54d9e8fb114dbf6"},{"page":"/pages/demo/other/waterfall.js","md5":"ed5ad7d6c08f0c7443efd906afc3c647"},{"page":"/pages/demo/notice/index.js","md5":"cb53cd311c5784e21b27b258106353a5"},{"page":"/pages/demo/navigator/index.js","md5":"3e591eb76bc38ba444e93c39e31299a8"},{"page":"/pages/demo/refresh/index.js","md5":"62d08dbc122de669cb63477f597f28e6"},{"page":"/pages/demo/other/weex-ui/tab-page/index.js","md5":"70a6ecd545333ea640df104e43a62893"},{"page":"/pages/demo/router/home.js","md5":"ab32693f056797299818f2d12478e1d5"},{"page":"/pages/demo/router/index.js","md5":"dd252fe3e689ccced61a439c9362905b"},{"page":"/pages/demo/storage/index.js","md5":"57b2e4d58401aa121bfcc9fb9b66088f"},{"page":"/pages/demo/tools/index.js","md5":"f1456b47318c70448dee2fffc8434f1d"},{"page":"/iconfont/font_1469606063_76593.ttf","md5":"f6222bcfedff4a817bb50df7a049d1db"},{"page":"/iconfont/font_1469606522_9417143.woff","md5":"6cf5490fd14ff83350ff952bb5b8e484"},{"page":"/iconfont/font_zn5b3jswpofuhaor.ttf","md5":"c0356b22e8235d2b0be8880cc81894cc"},{"page":"/iconfont/iconfont-eros.ttf","md5":"68780fad0047dc5b02cb613ebb08cda1"},{"page":"/iconfont/iconfont.ttf","md5":"db5e4ca4d090c78bb623771a23287716"},{"page":"/assets/app.png","md5":"ef253e12368a9be4c1632b69cac76836"},{"page":"/assets/demo.jpg","md5":"332c4e7d5398207c1b49750369a72848"},{"page":"/assets/iconfont.ttf","md5":"db5e4ca4d090c78bb623771a23287716"}],"android":"1.0.0","iOS":"1.0.0","appName":"btscan","jsVersion":"6816f4121098f4dc91ea388e24b64834","timestamp":1518074154432,"jsPath":"https://app.weex-eros.com/source"}
