{"filesMd5":[{"page":"/config/index.js","md5":"de3e95f4b18bef053c8f3c0f4350c921"},{"page":"/mediator/index.js","md5":"1a8376acb003079c6d5456b476037e1a"},{"page":"/pages/btscan/index/index.js","md5":"9b2d5b38af6d06493afe0faa123e178f"},{"page":"/pages/demo/assets/index.js","md5":"dcab2c8a0191cc4704664687a9f021e8"},{"page":"/pages/btscan/detail-list/detail-list.js","md5":"7aaf3e96df451817c2d09708d7302e34"},{"page":"/pages/demo/bmcalendar/index.js","md5":"688cffd14ee8275b6e9944c4eb6cc518"},{"page":"/pages/demo/bmchart/index.js","md5":"d19d1853954d0fa7b1cd9cd3fd54e4af"},{"page":"/pages/btscan/index/test.js","md5":"5af6689ad13a2ea489c5f382b81b4ded"},{"page":"/pages/demo/event/a.js","md5":"fb6837e9d64a67e339775dfd06c05fb9"},{"page":"/pages/demo/bmrichtext/index.js","md5":"aeac98f165f2d9f1ecee1287085f5d00"},{"page":"/pages/demo/event/b.js","md5":"64437ee60b74aca48e9c01e77070536f"},{"page":"/pages/demo/coms/index.js","md5":"eb3724b48b52d40f44b09ba0c1731e70"},{"page":"/pages/demo/font/index.js","md5":"dd496f759f3743337297f88f06007a1a"},{"page":"/pages/demo/globalAttr/index.js","md5":"b0eae5dccbb1f0ca117bdba83c7ebc5e"},{"page":"/pages/demo/image/index.js","md5":"9d09239234d5ff2597ef44e6e2976a9c"},{"page":"/pages/demo/index.js","md5":"cf5fa39dd183cd9dcbdce0390f3a619e"},{"page":"/pages/btscan/manage-devices/manage-devices.js","md5":"4860b5d2560e4ddaa561bb9c3e5425f9"},{"page":"/pages/demo/inputExtend/index.js","md5":"47fb5fa40e3249825aba7a75b5b17cd4"},{"page":"/pages/demo/lifecycle/index.js","md5":"0f2276249cf03c83b60ee5456c769a8d"},{"page":"/pages/btscan/history-results/history-results.js","md5":"7007c0ed9219841b5b7b1f5ed0948743"},{"page":"/pages/demo/navigator/index.js","md5":"93d9b1ad75be28b31eaa040e5ebc6931"},{"page":"/pages/demo/notice/index.js","md5":"4e84cabb4f2b9cc89faf1d38c85ee202"},{"page":"/pages/demo/other/waterfall.js","md5":"28b2888767b227094fc56c5382856c0f"},{"page":"/pages/demo/other/weex-ui/tab-page/index.js","md5":"c54bcc0eb7c9c9afa763b77879744961"},{"page":"/pages/demo/refresh/index.js","md5":"e94a797e827ce9e7ad67582e6bac52eb"},{"page":"/pages/demo/router/home.js","md5":"06b678350f410f6e59c2a83208052589"},{"page":"/pages/demo/router/index.js","md5":"196a74183dd4ec2e7f5628f15916f516"},{"page":"/pages/demo/storage/index.js","md5":"3984387bbba1d859ed50493f6a113baf"},{"page":"/pages/demo/tools/index.js","md5":"c8d947b065e08840cafd828e8b8a1605"},{"page":"/iconfont/font_1469606063_76593.ttf","md5":"f6222bcfedff4a817bb50df7a049d1db"},{"page":"/iconfont/font_1469606522_9417143.woff","md5":"6cf5490fd14ff83350ff952bb5b8e484"},{"page":"/iconfont/font_zn5b3jswpofuhaor.ttf","md5":"c0356b22e8235d2b0be8880cc81894cc"},{"page":"/iconfont/iconfont-eros.ttf","md5":"68780fad0047dc5b02cb613ebb08cda1"},{"page":"/iconfont/iconfont.ttf","md5":"db5e4ca4d090c78bb623771a23287716"},{"page":"/assets/app.png","md5":"ef253e12368a9be4c1632b69cac76836"},{"page":"/assets/demo.jpg","md5":"332c4e7d5398207c1b49750369a72848"},{"page":"/assets/iconfont.ttf","md5":"db5e4ca4d090c78bb623771a23287716"}],"android":"1.0.0","iOS":"1.0.0","appName":"btscan","jsVersion":"1a48795842377e65037437560b60d030","timestamp":1517820934112,"jsPath":"https://app.weex-eros.com/source"}
