{"filesMd5":[{"page":"/mediator/index.js","md5":"6b2383788ff3e1dc7403306583fb68e6"},{"page":"/config/index.js","md5":"f7fd05052bb214b833b481574a6a969b"},{"page":"/pages/btscan/detail-list/detail-list.js","md5":"74427aaed0f7f17f14101aacd67abba2"},{"page":"/pages/btscan/home/home.js","md5":"41ced44555132a4cbc03d81ee01dd03b"},{"page":"/pages/btscan/index/test.js","md5":"85491526c56fec0a09f1a0d1461a7e40"},{"page":"/pages/btscan/index/index.js","md5":"d39f43e417c658fb8265beefa7c2eebc"},{"page":"/pages/demo/assets/index.js","md5":"95408c0606597d4a0e0aeee4e2476932"},{"page":"/pages/demo/bmcalendar/index.js","md5":"d29ff99690c03f0954a5815be852cad4"},{"page":"/pages/btscan/history-results/history-results.js","md5":"6940cb595c5856b44f5b61cdb037f307"},{"page":"/pages/demo/bmchart/index.js","md5":"aa66156222b6c5057c02d8cdfca8953e"},{"page":"/pages/demo/coms/index.js","md5":"dc0dfa713e262158ea4b7f5176c20856"},{"page":"/pages/demo/bmrichtext/index.js","md5":"4cc7522d16f19e644ee0efca00825e13"},{"page":"/pages/demo/event/a.js","md5":"da082556671a027eec1d1eefde0d0142"},{"page":"/pages/demo/event/b.js","md5":"204408b8d896abcd9ff6550b5059b87b"},{"page":"/pages/demo/font/index.js","md5":"2468fd8ee1ac9d43cd1a4978326d30e7"},{"page":"/pages/demo/globalAttr/index.js","md5":"903a95fd232f6b1f815fce5c3a9ac499"},{"page":"/pages/demo/image/index.js","md5":"2861da6d8fcdde615dc13bbd9fe479de"},{"page":"/pages/btscan/manage-devices/manage-devices.js","md5":"d86f15649e3c82c2a69b0e8dcf632d7d"},{"page":"/pages/demo/inputExtend/index.js","md5":"8e404addc1f95bf9bdaaa2be9eee3a6c"},{"page":"/pages/demo/index.js","md5":"36ce5eb193056b2bd6c4eb86dd870e76"},{"page":"/pages/demo/lifecycle/index.js","md5":"f095858b9e31d322ef001f5b9892a732"},{"page":"/pages/demo/notice/index.js","md5":"794bda3a9b436e798703cb20dd91f440"},{"page":"/pages/demo/navigator/index.js","md5":"d980f3d7de01d9e538d9ca9e55922466"},{"page":"/pages/demo/refresh/index.js","md5":"ac03090fb4c10fe25027c686abc28601"},{"page":"/pages/demo/other/waterfall.js","md5":"e6295efa982839e5df291ec64678408d"},{"page":"/pages/demo/other/weex-ui/tab-page/index.js","md5":"fb322b87d5643597d9429c129d4c1db5"},{"page":"/pages/demo/router/home.js","md5":"9c2ac621a143b95ec379d64a8db994b2"},{"page":"/pages/demo/storage/index.js","md5":"76f91b10ec77ff5de95742ec6eb834e9"},{"page":"/pages/demo/tools/index.js","md5":"c5e491e7199e2572f8750ea43a9f943a"},{"page":"/pages/demo/router/index.js","md5":"29d15203b7f6c6d91311b7747d5d8573"},{"page":"/iconfont/font_1469606063_76593.ttf","md5":"f6222bcfedff4a817bb50df7a049d1db"},{"page":"/iconfont/font_1469606522_9417143.woff","md5":"6cf5490fd14ff83350ff952bb5b8e484"},{"page":"/iconfont/font_zn5b3jswpofuhaor.ttf","md5":"c0356b22e8235d2b0be8880cc81894cc"},{"page":"/iconfont/iconfont-eros.ttf","md5":"68780fad0047dc5b02cb613ebb08cda1"},{"page":"/iconfont/iconfont.ttf","md5":"db5e4ca4d090c78bb623771a23287716"},{"page":"/assets/app.png","md5":"ef253e12368a9be4c1632b69cac76836"},{"page":"/assets/demo.jpg","md5":"332c4e7d5398207c1b49750369a72848"},{"page":"/assets/iconfont.ttf","md5":"db5e4ca4d090c78bb623771a23287716"}],"android":"1.0.0","iOS":"1.0.0","appName":"btscan","jsVersion":"c00c7a95cd39a8e5e8a25f5e625ff256","timestamp":1517827292791,"jsPath":"https://app.weex-eros.com/source"}
