{"filesMd5":[{"page":"/config/index.js","md5":"326d283338801e298550a31bfd70dba7"},{"page":"/mediator/index.js","md5":"14507d732364ebce48ab989c5c871d3d"},{"page":"/pages/btscan/about/about.js","md5":"82c3d3bc8166024347009d4bb10cbcb7"},{"page":"/pages/btscan/devices-check/devices-check.js","md5":"2aadcab17b850ad38963d5e3ff022f24"},{"page":"/pages/btscan/detail-list/detail-list.js","md5":"4cb3e2772a77ec796188ab145bf3ea43"},{"page":"/pages/btscan/devices-management/devices-management.js","md5":"c6cdaf76d655d46657dd4f78c17d1988"},{"page":"/pages/btscan/history-records/history-records.js","md5":"9c573fb121dac354752de943a6210f9c"},{"page":"/pages/btscan/devices-search/devices-search.js","md5":"0847b7a550387426714086b0d8ef948b"},{"page":"/pages/btscan/home/home.js","md5":"ccdcdf1eb98065a9effdcba72f896763"},{"page":"/pages/btscan/index/index.js","md5":"38d37ce31db15528ccfc3ca3cc76f232"},{"page":"/pages/btscan/index/test.js","md5":"cfc593c5f2accc1d3ff3d54c5aa15ac3"},{"page":"/pages/demo/bmcalendar/index.js","md5":"95431f3e189882decda9afa83c7c7cd0"},{"page":"/pages/demo/assets/index.js","md5":"cd62a0376a40768dfdc8f1b1b7da7ae6"},{"page":"/pages/demo/bmrichtext/index.js","md5":"ad9ecb7205f95279b89b4686741da448"},{"page":"/pages/demo/bmchart/index.js","md5":"aff4aa7d64689b4b83ce8844b5337d9f"},{"page":"/pages/btscan/history-results/history-results.js","md5":"e6d6aa93a30ea5670f415a09b0e72810"},{"page":"/pages/demo/coms/index.js","md5":"e75285bb0caec57a1b29b03b239e5357"},{"page":"/pages/demo/event/a.js","md5":"162648c048ec321c1e7de882195f3bdc"},{"page":"/pages/demo/event/b.js","md5":"f329abf363b527d030c8f553d809948c"},{"page":"/pages/demo/font/index.js","md5":"d0f69add0314ddfdf0acd6003b609697"},{"page":"/pages/demo/globalAttr/index.js","md5":"6949cf9e53b1eb102a861784c0ec99fa"},{"page":"/pages/btscan/manage-devices/manage-devices.js","md5":"e2b687d15536dd407c7d15e175c430f9"},{"page":"/pages/demo/index.js","md5":"72ecc87aeda0fd39ab00adef7b9da59e"},{"page":"/pages/demo/image/index.js","md5":"53a9a0f4b31b8f7cab1264e4767bd475"},{"page":"/pages/demo/inputExtend/index.js","md5":"46d732fdb29996307d3c7da359332703"},{"page":"/pages/demo/lifecycle/index.js","md5":"7c0525c3c73cc5ba7094bf3c8dacda6e"},{"page":"/pages/demo/navigator/index.js","md5":"155c32ea82be0fd8b24ed0b4e8a18a14"},{"page":"/pages/demo/notice/index.js","md5":"010c40e25eb1bedc605828de315b5b6b"},{"page":"/pages/demo/other/waterfall.js","md5":"0e6a5b1d835b7705ca4b50488260a337"},{"page":"/pages/demo/router/home.js","md5":"5ff0673acdce7dd63ae9b1bc5907079e"},{"page":"/pages/demo/other/weex-ui/tab-page/index.js","md5":"b6720bbbc16d7513be76d86ab11a5b23"},{"page":"/pages/demo/router/index.js","md5":"f50d50e7bc7b02c419692dbad126b0e9"},{"page":"/pages/demo/refresh/index.js","md5":"dbe0a5a3bbef3f248d48a719eab30fcb"},{"page":"/pages/demo/storage/index.js","md5":"e72587246b8a53bae085cf42eb04f5cf"},{"page":"/pages/demo/tools/index.js","md5":"417bfefd36c3e2cadca93e144513864f"},{"page":"/iconfont/font_1469606063_76593.ttf","md5":"f6222bcfedff4a817bb50df7a049d1db"},{"page":"/iconfont/font_1469606522_9417143.woff","md5":"6cf5490fd14ff83350ff952bb5b8e484"},{"page":"/iconfont/font_zn5b3jswpofuhaor.ttf","md5":"c0356b22e8235d2b0be8880cc81894cc"},{"page":"/iconfont/iconfont-eros.ttf","md5":"68780fad0047dc5b02cb613ebb08cda1"},{"page":"/iconfont/iconfont.ttf","md5":"db5e4ca4d090c78bb623771a23287716"},{"page":"/assets/app.png","md5":"ef253e12368a9be4c1632b69cac76836"},{"page":"/assets/demo.jpg","md5":"332c4e7d5398207c1b49750369a72848"},{"page":"/assets/iconfont.ttf","md5":"db5e4ca4d090c78bb623771a23287716"}],"android":"1.0.0","iOS":"1.0.0","appName":"btscan","jsVersion":"ee5ad6b553f1e296d2395382506e7b56","timestamp":1517831001215,"jsPath":"https://app.weex-eros.com/source"}
