{"filesMd5":[{"page":"/config/index.js","md5":"3084c85e331ff88909219c2706824be7"},{"page":"/mediator/index.js","md5":"14507d732364ebce48ab989c5c871d3d"},{"page":"/pages/btscan/detail-list/detail-list.js","md5":"4cb3e2772a77ec796188ab145bf3ea43"},{"page":"/pages/btscan/devices-search/devices-search.js","md5":"cfb432e58d7f53e6e37bfc70f4ae3c84"},{"page":"/pages/btscan/devices-management/devices-management.js","md5":"8e31c907fff8bde4d3a1ecb3c5ee0a45"},{"page":"/pages/btscan/devices-check/devices-check.js","md5":"d3532172d935b595e788ad31ed1f5672"},{"page":"/pages/btscan/history-records/history-records.js","md5":"dfda5b7b81c37d435d08e47df2716339"},{"page":"/pages/btscan/home/home.js","md5":"41a9db3a4988db2e11a8d1e177df30c1"},{"page":"/pages/btscan/about/about.js","md5":"7929823e4511f3db972164424a53f7c3"},{"page":"/pages/demo/assets/index.js","md5":"cd62a0376a40768dfdc8f1b1b7da7ae6"},{"page":"/pages/btscan/index/index.js","md5":"591e78a6451d239760f18a47271fc9e1"},{"page":"/pages/btscan/index/test.js","md5":"c5c15d45f1fa2312f23bdda9bfb11c61"},{"page":"/pages/demo/bmchart/index.js","md5":"aff4aa7d64689b4b83ce8844b5337d9f"},{"page":"/pages/demo/bmcalendar/index.js","md5":"95431f3e189882decda9afa83c7c7cd0"},{"page":"/pages/demo/bmrichtext/index.js","md5":"ad9ecb7205f95279b89b4686741da448"},{"page":"/pages/btscan/history-results/history-results.js","md5":"ea57f54394b9a3e995ca86317d3f97d7"},{"page":"/pages/demo/coms/index.js","md5":"e75285bb0caec57a1b29b03b239e5357"},{"page":"/pages/demo/font/index.js","md5":"d0f69add0314ddfdf0acd6003b609697"},{"page":"/pages/demo/event/a.js","md5":"162648c048ec321c1e7de882195f3bdc"},{"page":"/pages/demo/event/b.js","md5":"f329abf363b527d030c8f553d809948c"},{"page":"/pages/demo/globalAttr/index.js","md5":"6949cf9e53b1eb102a861784c0ec99fa"},{"page":"/pages/btscan/manage-devices/manage-devices.js","md5":"fff2caa8711676aa282b47f410af0139"},{"page":"/pages/demo/index.js","md5":"72ecc87aeda0fd39ab00adef7b9da59e"},{"page":"/pages/demo/image/index.js","md5":"53a9a0f4b31b8f7cab1264e4767bd475"},{"page":"/pages/demo/lifecycle/index.js","md5":"7c0525c3c73cc5ba7094bf3c8dacda6e"},{"page":"/pages/demo/inputExtend/index.js","md5":"46d732fdb29996307d3c7da359332703"},{"page":"/pages/demo/navigator/index.js","md5":"155c32ea82be0fd8b24ed0b4e8a18a14"},{"page":"/pages/demo/notice/index.js","md5":"010c40e25eb1bedc605828de315b5b6b"},{"page":"/pages/demo/other/waterfall.js","md5":"0e6a5b1d835b7705ca4b50488260a337"},{"page":"/pages/demo/other/weex-ui/tab-page/index.js","md5":"975690a010655834888f0136ce3b2ff1"},{"page":"/pages/demo/refresh/index.js","md5":"dbe0a5a3bbef3f248d48a719eab30fcb"},{"page":"/pages/demo/router/home.js","md5":"5ff0673acdce7dd63ae9b1bc5907079e"},{"page":"/pages/demo/storage/index.js","md5":"e72587246b8a53bae085cf42eb04f5cf"},{"page":"/pages/demo/router/index.js","md5":"f50d50e7bc7b02c419692dbad126b0e9"},{"page":"/pages/demo/tools/index.js","md5":"417bfefd36c3e2cadca93e144513864f"},{"page":"/iconfont/font_1469606063_76593.ttf","md5":"f6222bcfedff4a817bb50df7a049d1db"},{"page":"/iconfont/font_1469606522_9417143.woff","md5":"6cf5490fd14ff83350ff952bb5b8e484"},{"page":"/iconfont/font_zn5b3jswpofuhaor.ttf","md5":"c0356b22e8235d2b0be8880cc81894cc"},{"page":"/iconfont/iconfont-eros.ttf","md5":"68780fad0047dc5b02cb613ebb08cda1"},{"page":"/iconfont/iconfont.ttf","md5":"db5e4ca4d090c78bb623771a23287716"},{"page":"/assets/app.png","md5":"ef253e12368a9be4c1632b69cac76836"},{"page":"/assets/demo.jpg","md5":"332c4e7d5398207c1b49750369a72848"},{"page":"/assets/iconfont.ttf","md5":"db5e4ca4d090c78bb623771a23287716"}],"android":"1.0.0","iOS":"1.0.0","appName":"btscan","jsVersion":"145681ac062c4baaa9b17c6effe02ca9","timestamp":1517833568627,"jsPath":"https://app.weex-eros.com/source"}
