{"filesMd5":[{"page":"/config/index.js","md5":"06c6d90839112bb9f2540f945570f124"},{"page":"/mediator/index.js","md5":"72fd4a2aeb7c0644f4cab87883f49d23"},{"page":"/pages/btscan/about/about.js","md5":"0836b8f276d9187dafcd96acac0f82b0"},{"page":"/pages/btscan/detail-list/detail-list.js","md5":"4c8fb21eccffa3c6848e55a2806c02c9"},{"page":"/pages/btscan/devices-check/devices-check.js","md5":"7b9ffd12a50277cfe2fdfd506d9e78d2"},{"page":"/pages/btscan/devices-check/innerPage/tasks-management.js","md5":"40b18025f8eb14e16edcf65d145312fc"},{"page":"/pages/btscan/devices-management/devices-management.js","md5":"232f078fa14c5183f3a95d3689d75e9c"},{"page":"/pages/btscan/devices-search/devices-search.js","md5":"388509dd60d83a7d30fb7444c62fc4ef"},{"page":"/pages/btscan/history-records/history-records.js","md5":"07bf48dd82b3e00975e96da681534e8e"},{"page":"/pages/btscan/home/home.js","md5":"1653215898be5924b8416c83e78b28e3"},{"page":"/pages/btscan/index/index.js","md5":"c9d237cad522a7b6e1197ca74bc93956"},{"page":"/pages/demo/assets/index.js","md5":"bbbb8059163319fb99a1906460cc148d"},{"page":"/pages/btscan/index/test.js","md5":"a7439fb9b5591d75285b18f0585b0598"},{"page":"/pages/demo/bmcalendar/index.js","md5":"cebca23ebffd6d9b5a82bd1b91e1636c"},{"page":"/pages/demo/bmchart/index.js","md5":"30990229946eb6380e048f289ac45210"},{"page":"/pages/demo/bmrichtext/index.js","md5":"32f21a2abbdeda5f8baca61d122edb2a"},{"page":"/pages/demo/coms/index.js","md5":"f31356f9c3db0c9c9df0381b20749677"},{"page":"/pages/btscan/history-results/history-results.js","md5":"902fe4b68f672bcb25f1cee4c729d267"},{"page":"/pages/demo/event/a.js","md5":"8308b7837e747d5e5404123610f3b44b"},{"page":"/pages/demo/event/b.js","md5":"56796c80d412e8085c46fd67d9a9dd0b"},{"page":"/pages/demo/font/index.js","md5":"97090acaf0ab60179a53137d0da4b598"},{"page":"/pages/demo/globalAttr/index.js","md5":"546e19ce7d98f7b8d9bc151131a35b7f"},{"page":"/pages/demo/image/index.js","md5":"33170776d7967caa7735a0f76d2c6850"},{"page":"/pages/demo/inputExtend/index.js","md5":"2510914ef055b273410af35d77266bc7"},{"page":"/pages/demo/index.js","md5":"767d16c3e37b27364f1607d47970b403"},{"page":"/pages/demo/lifecycle/index.js","md5":"de92e129d55636109868176b23b3bbf3"},{"page":"/pages/btscan/manage-devices/manage-devices.js","md5":"9cdb6f69395e0d33c7fa673a48ffaab3"},{"page":"/pages/demo/navigator/index.js","md5":"3aa47af10d5270d5b112c7927d666095"},{"page":"/pages/demo/notice/index.js","md5":"9a90c44d41d0620bb1ed6909501a3603"},{"page":"/pages/demo/other/weex-ui/tab-page/index.js","md5":"f5cf8cdf3b6cd77c3a9129fe022d355f"},{"page":"/pages/demo/other/waterfall.js","md5":"8e3819b93f5ee453fa0834b0f1f11336"},{"page":"/pages/demo/refresh/index.js","md5":"e1fe7c26eeeac65bfb06c4ae2d8ca21d"},{"page":"/pages/demo/router/home.js","md5":"aae39e33bcc1dab6d765884c30a58475"},{"page":"/pages/demo/storage/index.js","md5":"e056fc48da0836d32bf1af771fdfabef"},{"page":"/pages/demo/tools/index.js","md5":"cea9552a6369f6f5f254aeb855cf5031"},{"page":"/pages/demo/router/index.js","md5":"39f4301b2dd4948a1820a1d054513a51"},{"page":"/iconfont/font_1469606063_76593.ttf","md5":"f6222bcfedff4a817bb50df7a049d1db"},{"page":"/iconfont/font_1469606522_9417143.woff","md5":"6cf5490fd14ff83350ff952bb5b8e484"},{"page":"/iconfont/font_zn5b3jswpofuhaor.ttf","md5":"c0356b22e8235d2b0be8880cc81894cc"},{"page":"/iconfont/iconfont-eros.ttf","md5":"68780fad0047dc5b02cb613ebb08cda1"},{"page":"/iconfont/iconfont.ttf","md5":"db5e4ca4d090c78bb623771a23287716"},{"page":"/assets/app.png","md5":"ef253e12368a9be4c1632b69cac76836"},{"page":"/assets/demo.jpg","md5":"332c4e7d5398207c1b49750369a72848"},{"page":"/assets/iconfont.ttf","md5":"db5e4ca4d090c78bb623771a23287716"}],"android":"1.0.0","iOS":"1.0.0","appName":"btscan","jsVersion":"148994c77b5ef174aded05ee930690b1","timestamp":1517972108977,"jsPath":"https://app.weex-eros.com/source"}
