{"filesMd5":[{"page":"/config/index.js","md5":"6abd48072d2f6ff006c31d32686c4b66"},{"page":"/mediator/index.js","md5":"b7a4540b400293e4d9946f08dd6ec096"},{"page":"/pages/btscan/detail-list/detail-list.js","md5":"abca1c393a570ebf5b8312181f61a7b7"},{"page":"/pages/btscan/about/about.js","md5":"869702e947ff349a683822e2cc161af9"},{"page":"/pages/btscan/devices-check/devices-check.js","md5":"9f4be250695fc2c4720151f29876649a"},{"page":"/pages/btscan/devices-management/devices-management.js","md5":"d2cfab1a3cc0d79051ec95ebc1095390"},{"page":"/pages/btscan/devices-search/devices-search.js","md5":"2d972d32079703d66f4eb9a1d38f030e"},{"page":"/pages/btscan/history-records/history-records.js","md5":"c209c224facbe0d7e20ede5f4bf8c946"},{"page":"/pages/btscan/home/home.js","md5":"9c7e3924a7f67507087937d401a038a3"},{"page":"/pages/btscan/index/test.js","md5":"7303767a8c4f168294997dcbc9984913"},{"page":"/pages/btscan/index/index.js","md5":"836aa1ec444ad6d53ca61ca7bb494eb3"},{"page":"/pages/btscan/history-results/history-results.js","md5":"c130766a2544e3ffa5e25fc882671054"},{"page":"/pages/demo/assets/index.js","md5":"afecd109cd4f7b241ce59f18b4808cfd"},{"page":"/pages/demo/bmcalendar/index.js","md5":"3fc976c6b61098ce1c1d964a06248f5f"},{"page":"/pages/demo/bmchart/index.js","md5":"cea5d2783f39bf739b9e939f5e06f7c3"},{"page":"/pages/demo/bmrichtext/index.js","md5":"d7d9cf41951acc28f4be1a7f97df8c3c"},{"page":"/pages/demo/coms/index.js","md5":"ee818b426e7b4f75d165af40089595f4"},{"page":"/pages/demo/event/a.js","md5":"dfe692d82e18462560e9fc4edb21b335"},{"page":"/pages/demo/font/index.js","md5":"312aacca694eabcf22705025ba98e8bf"},{"page":"/pages/demo/event/b.js","md5":"04191e5c3d9bd3fca62f363cc0ccac07"},{"page":"/pages/demo/globalAttr/index.js","md5":"43b347f018f67487379a9c786e50cd86"},{"page":"/pages/demo/image/index.js","md5":"e1a48860debb1ea1118663067807e4d3"},{"page":"/pages/demo/index.js","md5":"23b2427ebc1f735edb79f47ab7113a95"},{"page":"/pages/btscan/manage-devices/manage-devices.js","md5":"d3671cc6d3288bbc583bb7737ef97247"},{"page":"/pages/demo/inputExtend/index.js","md5":"e9012946076c6b823776f5f9d81fdcfd"},{"page":"/pages/demo/navigator/index.js","md5":"95eaad15db77f76ad3e7852e3fb92371"},{"page":"/pages/demo/lifecycle/index.js","md5":"55c134bedf90ed878e9795e59016dbfc"},{"page":"/pages/demo/notice/index.js","md5":"33db76ff02eba80879effefd0d309801"},{"page":"/pages/demo/other/waterfall.js","md5":"b8155c580bc7dd3d7f0e9466e608db92"},{"page":"/pages/demo/refresh/index.js","md5":"7446b19f935cd3a29eb516126b9d684f"},{"page":"/pages/demo/router/home.js","md5":"8387397a31755aa1e936a1a0b2364d51"},{"page":"/pages/demo/router/index.js","md5":"77b078f51e2aa62e7396e417c7643186"},{"page":"/pages/demo/other/weex-ui/tab-page/index.js","md5":"7c4c43698887f5bfd6d082dbcaec5696"},{"page":"/pages/demo/tools/index.js","md5":"a45d045242cd79ce4add38dba4fa585f"},{"page":"/pages/demo/storage/index.js","md5":"ad8d1ef748f0ffaa928c2d339b73d1c1"},{"page":"/iconfont/font_1469606063_76593.ttf","md5":"f6222bcfedff4a817bb50df7a049d1db"},{"page":"/iconfont/font_1469606522_9417143.woff","md5":"6cf5490fd14ff83350ff952bb5b8e484"},{"page":"/iconfont/font_zn5b3jswpofuhaor.ttf","md5":"c0356b22e8235d2b0be8880cc81894cc"},{"page":"/iconfont/iconfont-eros.ttf","md5":"68780fad0047dc5b02cb613ebb08cda1"},{"page":"/iconfont/iconfont.ttf","md5":"db5e4ca4d090c78bb623771a23287716"},{"page":"/assets/app.png","md5":"ef253e12368a9be4c1632b69cac76836"},{"page":"/assets/demo.jpg","md5":"332c4e7d5398207c1b49750369a72848"},{"page":"/assets/iconfont.ttf","md5":"db5e4ca4d090c78bb623771a23287716"}],"android":"1.0.0","iOS":"1.0.0","appName":"btscan","jsVersion":"cc8e44bbf5663c08c770b4a464332479","timestamp":1517901264565,"jsPath":"https://app.weex-eros.com/source"}
