{"filesMd5":[{"page":"/config/index.js","md5":"8dc86edee795be5ef96357c51fcb5a5a"},{"page":"/pages/demo/assets/index.js","md5":"3e969f80143f7c11c7432550936873e3"},{"page":"/pages/demo/bmchart/index.js","md5":"36e70719914e4e5742da95b260e78a4b"},{"page":"/mediator/index.js","md5":"bf8499fa0e42635b0d9ce850cb6e8be6"},{"page":"/pages/demo/coms/index.js","md5":"a55983d06cb69d9968efbabdf2e857eb"},{"page":"/pages/demo/bmcalendar/index.js","md5":"b849e8a25a07e53d1b88424609d9e16b"},{"page":"/pages/demo/event/b.js","md5":"c20b924d541a13b3a7358bbb612dc4fe"},{"page":"/pages/demo/font/index.js","md5":"544fe0a3b33e7b1ce54ea026676261f5"},{"page":"/pages/demo/bmrichtext/index.js","md5":"d687d3b84fcd52983f3a08cb0ed5aea2"},{"page":"/pages/demo/globalAttr/index.js","md5":"a839767588f8ef263a9144f6dcda8e99"},{"page":"/pages/demo/event/a.js","md5":"9b43c8aeb8a1a59923aa07a2ed15d595"},{"page":"/pages/demo/index.js","md5":"21fdef4c753c5fc6f0c75c24fb01dfe3"},{"page":"/pages/demo/image/index.js","md5":"4c2dffa4c8ea0d88a5bc3cb56210c580"},{"page":"/pages/demo/inputExtend/index.js","md5":"72105d93bf972e87b8f062d9b3305ca7"},{"page":"/pages/demo/navigator/index.js","md5":"1a7fef79a2571d3d627d7e708ca47e2c"},{"page":"/pages/demo/other/waterfall.js","md5":"74192e030f95e77434470129aac6e191"},{"page":"/pages/demo/lifecycle/index.js","md5":"7beef16a0109a2c560ac365cc7da53b6"},{"page":"/pages/demo/notice/index.js","md5":"5671ba1f1d0a55b881186e2be9b6c919"},{"page":"/pages/demo/refresh/index.js","md5":"c95a3e62af12ddee18956b1c34013728"},{"page":"/pages/demo/other/weex-ui/tab-page/index.js","md5":"4f4c0f21709a5022dcee449940e7320e"},{"page":"/pages/demo/storage/index.js","md5":"58cb526dbbe9800028708754ea416815"},{"page":"/pages/demo/router/home.js","md5":"b60b952d51727bf8ceca88ec6246b612"},{"page":"/pages/demo/tools/index.js","md5":"d7aed9e056718b706fe68b3c102e1518"},{"page":"/pages/demo/router/index.js","md5":"c302ac807c68db990fc0e43f725e5e39"},{"page":"/iconfont/font_1469606063_76593.ttf","md5":"f6222bcfedff4a817bb50df7a049d1db"},{"page":"/iconfont/font_1469606522_9417143.woff","md5":"6cf5490fd14ff83350ff952bb5b8e484"},{"page":"/iconfont/font_zn5b3jswpofuhaor.ttf","md5":"c0356b22e8235d2b0be8880cc81894cc"},{"page":"/iconfont/iconfont-eros.ttf","md5":"68780fad0047dc5b02cb613ebb08cda1"},{"page":"/iconfont/iconfont.ttf","md5":"ec86bfe5bdb872bad2b2af4f11da14f4"},{"page":"/assets/demo.jpg","md5":"332c4e7d5398207c1b49750369a72848"}],"android":"1.0.0","iOS":"1.0.0","appName":"btscan","jsVersion":"07abe7e03534bfd8640972c3fa11732c","timestamp":1517465433582,"jsPath":"https://app.weex-eros.com/source"}
