{"filesMd5":[{"page":"/config/index.js","md5":"f94d412bb6d696b1ec2b3700ef3104d3"},{"page":"/mediator/index.js","md5":"971feb3649ae40b98d6fefbdf15ad22d"},{"page":"/pages/btscan/about/about.js","md5":"a0579b77cf7a1e291397b413875e1880"},{"page":"/pages/btscan/devices-check/devices-check.js","md5":"7ad33cc6c31b588a3cb16f5dbc08c337"},{"page":"/pages/btscan/devices-check/innerPage/tasks-management.js","md5":"35d125bcd68fe6e82354495bfbfee0a2"},{"page":"/pages/btscan/devices-search/devices-search.js","md5":"ab31487e80c9cc6762983d619bcf43c2"},{"page":"/pages/demo/assets/index.js","md5":"a9e90d6e05675fe96d3fa000e318b317"},{"page":"/pages/btscan/history-records/innerPage/detail-list.js","md5":"3dc172bf94db85cfb76f88d4dfd3c6d4"},{"page":"/pages/btscan/home/home.js","md5":"b78af297acc244eb9f8a67b4e06e3ccf"},{"page":"/pages/demo/bmcalendar/index.js","md5":"40f95d86aa125297bd948bd09d7f047b"},{"page":"/pages/demo/bmchart/index.js","md5":"e9b4538a9642bbe66b801da22be89eb6"},{"page":"/pages/demo/bmrichtext/index.js","md5":"66079b8c423740781f409161770bc997"},{"page":"/pages/demo/coms/index.js","md5":"6e476f5f8e3f67c22fca55063909b5a1"},{"page":"/pages/demo/event/a.js","md5":"4da0b0c6641c544ed831ae29604d3d25"},{"page":"/pages/demo/event/b.js","md5":"c5c0a387131e60f09cb9b32ff45560c4"},{"page":"/pages/demo/font/index.js","md5":"5e85ebe1fb23dbc53bb0d5e8f0c0f4bb"},{"page":"/pages/demo/globalAttr/index.js","md5":"eb2133c6555797d5b5facedb3f7bccf8"},{"page":"/pages/demo/image/index.js","md5":"4af2f0809951a577ce3f2586d1a64d87"},{"page":"/pages/btscan/history-records/history-records.js","md5":"e0917ac36254de086181b47d3c30e924"},{"page":"/pages/demo/index.js","md5":"57eec1c5b56fe44bea6ec836c1f25b3a"},{"page":"/pages/demo/inputExtend/index.js","md5":"bca751f7709623d22f45472688795552"},{"page":"/pages/demo/navigator/index.js","md5":"a9b12b8ae5812e24e8789e3f85a0516d"},{"page":"/pages/demo/lifecycle/index.js","md5":"259679f449e4fba062575355aa565c03"},{"page":"/pages/btscan/devices-management/devices-management.js","md5":"99d4cbaa0d06e50f70a9976d4b34691d"},{"page":"/pages/demo/notice/index.js","md5":"5da04d8ee158ea2f1406591ae988e2fa"},{"page":"/pages/demo/refresh/index.js","md5":"b704a729bfad63aff86a82ec7d156a66"},{"page":"/pages/demo/other/waterfall.js","md5":"03803f3f12cf6518e48d6146f86b2084"},{"page":"/pages/demo/router/home.js","md5":"148374aae2a16ea47da6311bc34901c5"},{"page":"/pages/demo/other/weex-ui/tab-page/index.js","md5":"25ff0ececbcb3b8a7e7f0556c2d91940"},{"page":"/pages/demo/router/index.js","md5":"7889a2f793813cbfb76f3ba46e135dbe"},{"page":"/pages/demo/storage/index.js","md5":"971011bfadd2e250e7553034abcf6ef2"},{"page":"/pages/demo/tools/index.js","md5":"9556bdb9eb5d260c20d4f31c03886644"},{"page":"/iconfont/font_1469606063_76593.ttf","md5":"f6222bcfedff4a817bb50df7a049d1db"},{"page":"/iconfont/font_1469606522_9417143.woff","md5":"6cf5490fd14ff83350ff952bb5b8e484"},{"page":"/iconfont/font_zn5b3jswpofuhaor.ttf","md5":"c0356b22e8235d2b0be8880cc81894cc"},{"page":"/iconfont/iconfont-eros.ttf","md5":"68780fad0047dc5b02cb613ebb08cda1"},{"page":"/iconfont/iconfont.ttf","md5":"e5f04c67f012e7b0ccb9f13644726935"},{"page":"/assets/app.png","md5":"ef253e12368a9be4c1632b69cac76836"},{"page":"/assets/demo.jpg","md5":"332c4e7d5398207c1b49750369a72848"},{"page":"/assets/iconfont.ttf","md5":"db5e4ca4d090c78bb623771a23287716"}],"android":"1.0.0","iOS":"1.0.0","appName":"btscan","jsVersion":"a533d73d90da6e3637965e2e30f43eac","timestamp":1518260091387,"jsPath":"https://app.weex-eros.com/source"}
